#,filename,age,gender,race
1,00293.png,31,Woman,white
2,00287.png,22,Man,white
3,00244.png,34,Woman,asian
4,00278.png,25,Man,white
5,00279.png,30,Man,middle eastern
6,00245.png,23,Man,asian
7,00286.png,22,Man,asian
8,00292.png,31,Man,asian
9,00333.png,46,Man,white
10,00284.png,33,Man,white
11,00290.png,28,Woman,white
12,00247.png,29,Man,white
13,00253.png,34,Woman,asian
14,00246.png,36,Woman,white
15,00291.png,29,Man,white
16,00285.png,29,Man,asian
17,00450.png,35,Man,white
18,00281.png,26,Man,white
19,00295.png,29,Man,latino hispanic
20,00242.png,21,Man,white
21,00257.png,40,Man,white
22,00243.png,28,Woman,white
23,00294.png,39,Woman,white
24,00280.png,30,Man,white
25,00055.png,29,Woman,asian
26,00296.png,34,Man,asian
27,00282.png,43,Woman,white
28,00269.png,28,Man,latino hispanic
29,00255.png,33,Man,white
30,00241.png,31,Man,asian
31,00240.png,29,Man,white
31,00240.png,23,Man,white
32,00268.png,25,Man,white
33,00283.png,39,Woman,white
33,00283.png,36,Man,white
34,00297.png,23,Man,white
35,00421.png,31,Man,asian
36,00353.png,31,Man,white
37,00409.png,27,Man,white
38,00408.png,29,Man,white
39,00352.png,35,Woman,white
40,00420.png,30,Man,white
41,00350.png,27,Woman,white
42,00422.png,29,Man,white
43,00379.png,32,Man,middle eastern
44,00423.png,32,Man,white
45,00351.png,33,Man,black
46,00369.png,27,Woman,white
47,00355.png,26,Man,white
48,00354.png,32,Woman,latino hispanic
49,00368.png,35,Woman,white
50,00418.png,31,Man,black
51,00424.png,23,Man,white
52,00356.png,23,Man,asian
53,00237.png,42,Woman,latino hispanic
54,00357.png,28,Man,asian
55,00419.png,32,Man,white
56,00400.png,30,Woman,latino hispanic
57,00366.png,23,Woman,white
58,00372.png,39,Woman,white
59,00414.png,29,Man,latino hispanic
60,00373.png,31,Woman,white
61,00415.png,36,Man,white
62,00401.png,47,Man,white
63,00367.png,29,Man,latino hispanic
64,00417.png,32,Woman,asian
65,00371.png,25,Man,asian
66,00365.png,26,Woman,white
67,00403.png,30,Woman,asian
68,00359.png,42,Woman,white
69,00358.png,27,Man,black
70,00364.png,21,Woman,asian
71,00402.png,28,Man,asian
72,00416.png,39,Man,latino hispanic
72,00416.png,29,Man,white
73,00370.png,33,Man,middle eastern
74,00374.png,28,Woman,white
75,00412.png,27,Man,white
76,00406.png,24,Man,white
77,00360.png,28,Man,white
78,00407.png,34,Woman,white
79,00361.png,27,Man,indian
80,00413.png,36,Man,latino hispanic
81,00363.png,32,Man,white
82,00405.png,29,Woman,asian
83,00411.png,21,Woman,white
84,00410.png,33,Woman,white
85,00362.png,43,Man,white
86,00404.png,33,Man,white
87,00271.png,29,Man,latino hispanic
88,00265.png,42,Man,black
89,00259.png,32,Man,white
90,00258.png,40,Man,white
91,00264.png,45,Man,white
92,00270.png,25,Man,middle eastern
93,00299.png,31,Woman,white
94,00266.png,30,Woman,white
95,00272.png,33,Man,white
96,00273.png,36,Man,white
97,00267.png,25,Man,middle eastern
98,00298.png,35,Woman,white
99,00288.png,45,Man,white
100,00263.png,22,Man,white
101,00277.png,26,Man,white
102,00276.png,35,Man,white
103,00262.png,35,Man,asian
104,00289.png,35,Woman,white
105,00248.png,34,Man,latino hispanic
106,00274.png,47,Man,latino hispanic
107,00260.png,32,Woman,middle eastern
108,00261.png,32,Woman,white
109,00275.png,31,Woman,asian
110,00249.png,33,Woman,white
